scenario,accuracy,precision_weighted,recall_weighted,f1_weighted,precision_macro,recall_macro,f1_macro
original,0.404,0.41376034667087297,0.404,0.40629787468956396,0.40224115553062917,0.3937007642563198,0.39543083116822525
spatial,0.342,0.3618168115715994,0.342,0.3470229717044846,0.3499415840409335,0.33563051146384476,0.33777190724992545
frequency,0.342,0.38324501859463694,0.342,0.35088995841852555,0.37014944578557807,0.33728122113042747,0.34221352684944
spatial_enhanced,0.358,0.3689067438296073,0.358,0.3614280286061867,0.35956788053069966,0.3502418745275888,0.3528238680757034
frequency_enhanced,0.314,0.35500090215813135,0.314,0.3223583098255057,0.33862043419492566,0.3092554799697657,0.3129548461346164
