scenario,accuracy,precision_weighted,recall_weighted,f1_weighted,precision_macro,recall_macro,f1_macro
original,0.358,0.3744896478008495,0.358,0.3590245347312418,0.3633362464984146,0.3527074410010918,0.351078197874562
spatial,0.364,0.3978737826945921,0.364,0.3652790644997707,0.3832714905122663,0.3607000083984211,0.3582010664273907
frequency,0.338,0.3782984535259128,0.338,0.3219438556669881,0.363381913953982,0.3359912236499538,0.3174279951011177
spatial_enhanced,0.308,0.3377337742465195,0.308,0.3110580803148415,0.3276085675192113,0.3057140757537582,0.3051076829728134
frequency_enhanced,0.32,0.3347416352609205,0.32,0.3194908771936857,0.3224143134590525,0.3137377173091458,0.3108073386465749
