{
  "scenario": "03_frequency",
  "accuracy": 0.374,
  "precision_weighted": 0.4160370441547716,
  "recall_weighted": 0.374,
  "f1_weighted": 0.3793615200737926,
  "precision_macro": 0.4024542804186672,
  "recall_macro": 0.3714728730998572,
  "f1_macro": 0.3707869522087448
}