{
  "scenario": "original",
  "accuracy": 0.404,
  "precision_weighted": 0.41376034667087297,
  "recall_weighted": 0.404,
  "f1_weighted": 0.40629787468956396,
  "precision_macro": 0.40224115553062917,
  "recall_macro": 0.3937007642563198,
  "f1_macro": 0.39543083116822525
}